experiment_name,split,group_type,group_value,rows,log_mae,p95_abs_pct_error,p99_abs_pct_error,error_gt_20pct_rate
F18_reference_huber_010,valid,exact_prev1_missing_group,0,382467,0.06181185212238051,0.18821945368689236,0.32245276419892505,0.04274355696046979
F18_reference_huber_010,valid,exact_prev1_missing_group,1,1965,0.48459776277721095,0.9490066833800515,3.0844508722156205,0.5944020356234097
F18_reference_huber_010,valid,wide_prev1_present_exact_missing_group,0,383760,0.06383044571966025,0.1918738626846932,0.34585106361169266,0.04520012507817386
F18_reference_huber_010,valid,wide_prev1_present_exact_missing_group,1,672,0.14532202406384478,0.3934426404634108,0.5775671490348934,0.25297619047619047
F18_reference_huber_010,valid,exact_prev1_gap_bucket_plus,1-30,250361,0.054588587582994424,0.16261253164462097,0.2678781155188976,0.02724865294514721
F18_reference_huber_010,valid,exact_prev1_gap_bucket_plus,181-365,14625,0.08731238193072847,0.26132371168859675,0.43424809071805015,0.09552136752136751
F18_reference_huber_010,valid,exact_prev1_gap_bucket_plus,31-90,76044,0.06304795514318373,0.18664188944167248,0.3102031558376732,0.04167324180737468
F18_reference_huber_010,valid,exact_prev1_gap_bucket_plus,366-730,6661,0.1149547195974405,0.3510135690409308,0.5668115994070279,0.18150427863684132
F18_reference_huber_010,valid,exact_prev1_gap_bucket_plus,731+,7988,0.1459788221831612,0.3931053904371381,0.6333913033291693,0.2628943415122684
F18_reference_huber_010,valid,exact_prev1_gap_bucket_plus,91-180,26788,0.07357718994854487,0.21652800544034073,0.36944686767205204,0.06163207406301329
F18_reference_huber_010,valid,exact_prev1_gap_bucket_plus,missing_or_negative,1965,0.48459776277721095,0.9490066833800515,3.0844508722156205,0.5944020356234097
F18_reference_huber_010,valid,prev1_gap_bucket_plus,1-30,258458,0.05519803846120731,0.16437848340351308,0.27152441099190056,0.028341161813524827
F18_reference_huber_010,valid,prev1_gap_bucket_plus,181-365,13142,0.08951677310022339,0.2664592267796618,0.44075152276237595,0.10120225232080353
F18_reference_huber_010,valid,prev1_gap_bucket_plus,31-90,74756,0.06382220262088231,0.1897949085219801,0.31502939127291313,0.04388945368933597
F18_reference_huber_010,valid,prev1_gap_bucket_plus,366-730,5694,0.12033039838308791,0.3611923164042498,0.5745663452165174,0.19792764313312258
F18_reference_huber_010,valid,prev1_gap_bucket_plus,731+,5847,0.1647590062091327,0.42207652518501376,0.6654816164253805,0.31759876859928166
F18_reference_huber_010,valid,prev1_gap_bucket_plus,91-180,25242,0.07433033089084717,0.21904174071978355,0.37106069750676246,0.06330718643530624
F18_reference_huber_010,valid,prev1_gap_bucket_plus,missing_or_negative,1293,0.6609266849855497,1.4604289073109538,3.637216454013534,0.7718484145398299
F18_reference_huber_010,valid,prev2_gap_bucket_plus,1-30,170682,0.05333132202861916,0.1589804398696113,0.2613854830552155,0.025433261855380182
F18_reference_huber_010,valid,prev2_gap_bucket_plus,181-365,26798,0.07429083248167916,0.22266099230344472,0.3782767220131539,0.06530338084931711
F18_reference_huber_010,valid,prev2_gap_bucket_plus,31-90,113092,0.05828658158451631,0.17325406530030688,0.28334979733095056,0.033220740635942415
F18_reference_huber_010,valid,prev2_gap_bucket_plus,366-730,11654,0.0963933445576825,0.29103551068371514,0.4918372444036142,0.1239917624849837
F18_reference_huber_010,valid,prev2_gap_bucket_plus,731+,13013,0.1295521719040406,0.3665583320860493,0.5827001422347866,0.2143241374010605
F18_reference_huber_010,valid,prev2_gap_bucket_plus,91-180,46543,0.06582481035663477,0.19380986184512006,0.32779927905916134,0.04597898717315171
F18_reference_huber_010,valid,prev2_gap_bucket_plus,missing_or_negative,2650,0.3905755210443107,0.8899466900275215,2.817935935792026,0.48830188679245284
F18_reference_huber_010,valid,wide_prev_jump_20_group,0,352933,0.05912818404157393,0.17449683576930078,0.3235704279420528,0.03570649386710792
F18_reference_huber_010,valid,wide_prev_jump_20_group,1,31499,0.11825584530311765,0.29646639571644434,0.4673961872537641,0.1560049525381758
F18_reference_huber_010,valid,exact_prev_jump_20_group,0,352916,0.059365417223021646,0.1757203660597046,0.32582482710859356,0.036385428827256344
F18_reference_huber_010,valid,exact_prev_jump_20_group,1,31516,0.11556741543558235,0.29123379739282645,0.463615096843886,0.1483373524558954
F18_reference_huber_010,valid,exact_wide_gap_10_group,0,375845,0.06284079476814598,0.18832177760287483,0.34044666727095524,0.043086910827601806
F18_reference_huber_010,valid,exact_wide_gap_10_group,1,8587,0.11352390123604246,0.3095576743174671,0.5072764761515379,0.15395365086759055
F18_reference_huber_010,valid,region_prior_missing_group,0,384432,0.06397289572550598,0.1924682729470313,0.3474684491652246,0.04556332459316602
F18_reference_huber_010,valid,wide_region_outlier_20_group,0,142995,0.06205926919290408,0.17529695145730761,0.35223022632403567,0.03635791461239903
F18_reference_huber_010,valid,wide_region_outlier_20_group,1,241437,0.06510627224206895,0.20149294145185054,0.34574649395112533,0.05101537875304945
F18_reference_huber_010,test,exact_prev1_missing_group,0,440056,0.06114382362731312,0.18825682119130718,0.3250167741675398,0.04304224916828767
F18_reference_huber_010,test,exact_prev1_missing_group,1,1952,0.53091143860024,0.9144646519760286,2.6516881456289707,0.6501024590163934
F18_reference_huber_010,test,wide_prev1_present_exact_missing_group,0,441315,0.06305611579004264,0.19190764391231754,0.346404899419507,0.04532816695557595
F18_reference_huber_010,test,wide_prev1_present_exact_missing_group,1,693,0.16657408139380436,0.4687632052795743,0.7563312759792092,0.2972582972582973
F18_reference_huber_010,test,exact_prev1_gap_bucket_plus,1-30,297688,0.05409051055957632,0.16386543152847227,0.27177952493673724,0.028775093386364248
F18_reference_huber_010,test,exact_prev1_gap_bucket_plus,181-365,16289,0.08696779516921782,0.25398262296736124,0.4217557050288027,0.09460372030204432
F18_reference_huber_010,test,exact_prev1_gap_bucket_plus,31-90,82193,0.06355007451363484,0.1915064428031996,0.3184542666574336,0.04439550813329602
F18_reference_huber_010,test,exact_prev1_gap_bucket_plus,366-730,7345,0.11107557807411998,0.32648248656041456,0.5421576588835642,0.16269571136827773
F18_reference_huber_010,test,exact_prev1_gap_bucket_plus,731+,7168,0.16115538710973595,0.443553585555994,0.7510397457643486,0.29115513392857145
F18_reference_huber_010,test,exact_prev1_gap_bucket_plus,91-180,29373,0.07468113290825495,0.2206949524147093,0.3685204806307401,0.06478738977972968
F18_reference_huber_010,test,exact_prev1_gap_bucket_plus,missing_or_negative,1952,0.53091143860024,0.9144646519760286,2.6516881456289707,0.6501024590163934
F18_reference_huber_010,test,prev1_gap_bucket_plus,1-30,307053,0.054725425283686895,0.16579993445709496,0.2753688142125672,0.02982221310327533
F18_reference_huber_010,test,prev1_gap_bucket_plus,181-365,14560,0.0893299342062212,0.26390347741011694,0.43324641950975223,0.10103021978021978
F18_reference_huber_010,test,prev1_gap_bucket_plus,31-90,80451,0.06435718660807173,0.19504801565573798,0.3262020443332364,0.046599793663223574
F18_reference_huber_010,test,prev1_gap_bucket_plus,366-730,6115,0.11670719122023486,0.33692582472157934,0.5586839664491918,0.1775960752248569
F18_reference_huber_010,test,prev1_gap_bucket_plus,731+,5072,0.18770682557615773,0.4862874830414664,0.8136999646467649,0.361198738170347
F18_reference_huber_010,test,prev1_gap_bucket_plus,91-180,27498,0.07544472046811877,0.22375545195190283,0.3717522870148707,0.06735035275292749
F18_reference_huber_010,test,prev1_gap_bucket_plus,missing_or_negative,1259,0.7314561475311854,1.26078032265983,3.6075882960330667,0.8443208895949166
F18_reference_huber_010,test,prev2_gap_bucket_plus,1-30,210613,0.052586098923472685,0.1593194879580172,0.2664334412841466,0.026688760902698314
F18_reference_huber_010,test,prev2_gap_bucket_plus,181-365,29619,0.07543373611131382,0.22577280999525595,0.3870560146956466,0.0678280833248928
F18_reference_huber_010,test,prev2_gap_bucket_plus,31-90,123464,0.058971495965715715,0.1784023574972882,0.29192251431666183,0.03616438799974082
F18_reference_huber_010,test,prev2_gap_bucket_plus,366-730,12953,0.0934621051340815,0.2760597407412909,0.4762299509643656,0.11333281865204972
F18_reference_huber_010,test,prev2_gap_bucket_plus,731+,10986,0.14482020587295816,0.3975533691966196,0.6928292936646578,0.2460404150737302
F18_reference_huber_010,test,prev2_gap_bucket_plus,91-180,51663,0.06634387079554951,0.19838375772130382,0.32485961761070614,0.04902928594932544
F18_reference_huber_010,test,prev2_gap_bucket_plus,missing_or_negative,2710,0.41456387140019935,0.8546457216602199,2.1500360786988435,0.5206642066420665
F18_reference_huber_010,test,wide_prev_jump_20_group,0,407525,0.057926607874049615,0.1715192567553587,0.32210711623662475,0.034579473651923195
F18_reference_huber_010,test,wide_prev_jump_20_group,1,34483,0.12575775612378584,0.3071580075367086,0.4888009018452853,0.17742075805469362
F18_reference_huber_010,test,exact_prev_jump_20_group,0,407642,0.05814688944392862,0.1727258843944122,0.3250063927583206,0.03526133224741317
F18_reference_huber_010,test,exact_prev_jump_20_group,1,34366,0.12337575718985686,0.30232484999906345,0.4871952832980955,0.1698190071582378
F18_reference_huber_010,test,exact_wide_gap_10_group,0,432309,0.06202253673277974,0.1879171759642921,0.3416330965094828,0.04314506521955361
F18_reference_huber_010,test,exact_wide_gap_10_group,1,9699,0.11652178017087343,0.31630299496384895,0.5266247229896982,0.16063511702237343
F18_reference_huber_010,test,region_prior_missing_group,0,442008,0.06321841590715228,0.19260680744355727,0.3485878576406167,0.04572315433204829
F18_reference_huber_010,test,wide_region_outlier_20_group,0,156288,0.060463174736676374,0.17146325514270813,0.347531069113062,0.03453240171990172
F18_reference_huber_010,test,wide_region_outlier_20_group,1,285720,0.06472552472715559,0.2028436370059199,0.34897045489557815,0.05184446311073779
F18_reference_huber_010,recent_holdout,exact_prev1_missing_group,0,208585,0.06458004358258428,0.19709070488521674,0.34394052459998875,0.048244121101709135
F18_reference_huber_010,recent_holdout,exact_prev1_missing_group,1,883,0.5280492798833631,1.1611885260525616,6.885995179708307,0.6477916194790487
F18_reference_huber_010,recent_holdout,wide_prev1_present_exact_missing_group,0,209121,0.06634574171634453,0.20052298692885762,0.36246539217613494,0.05029623997589912
F18_reference_huber_010,recent_holdout,wide_prev1_present_exact_missing_group,1,347,0.17985029206532596,0.4882505181526336,0.7993845019745037,0.3371757925072046
F18_reference_huber_010,recent_holdout,exact_prev1_gap_bucket_plus,1-30,144144,0.05737450588020299,0.17272070954015445,0.29095342925130785,0.03357059607059607
F18_reference_huber_010,recent_holdout,exact_prev1_gap_bucket_plus,181-365,7137,0.09522206726157494,0.27968986918453537,0.46753563917161445,0.114894213254869
F18_reference_huber_010,recent_holdout,exact_prev1_gap_bucket_plus,31-90,37968,0.06690022779141715,0.19777245020174386,0.3308140998075855,0.048646228402865574
F18_reference_huber_010,recent_holdout,exact_prev1_gap_bucket_plus,366-730,3303,0.1170594926683003,0.3555728471730678,0.6411172251204131,0.17226763548289434
F18_reference_huber_010,recent_holdout,exact_prev1_gap_bucket_plus,731+,3281,0.1697330852234615,0.4710959652452166,0.762755494760155,0.31697653154526056
F18_reference_huber_010,recent_holdout,exact_prev1_gap_bucket_plus,91-180,12752,0.08132278194364818,0.23010316310546935,0.3873928348656084,0.07434127979924718
F18_reference_huber_010,recent_holdout,exact_prev1_gap_bucket_plus,missing_or_negative,883,0.5280492798833631,1.1611885260525616,6.885995179708307,0.6477916194790487
F18_reference_huber_010,recent_holdout,prev1_gap_bucket_plus,1-30,148451,0.05799102132765858,0.17474020817388825,0.2952965563562586,0.03469831796350311
F18_reference_huber_010,recent_holdout,prev1_gap_bucket_plus,181-365,6418,0.0979468485773997,0.2848555339732547,0.49226692260356364,0.12542848239326893
F18_reference_huber_010,recent_holdout,prev1_gap_bucket_plus,31-90,37152,0.06793103585295855,0.2012558254478493,0.34074667049505447,0.05103359173126615
F18_reference_huber_010,recent_holdout,prev1_gap_bucket_plus,366-730,2677,0.12129569222655014,0.3626661730770877,0.6473288192092761,0.18490847964138962
F18_reference_huber_010,recent_holdout,prev1_gap_bucket_plus,731+,2322,0.1975665284147439,0.518647287610558,0.7974427334038258,0.39405684754521964
F18_reference_huber_010,recent_holdout,prev1_gap_bucket_plus,91-180,11912,0.08295471538443495,0.23678463502509917,0.40812777544885454,0.07706514439220953
F18_reference_huber_010,recent_holdout,prev1_gap_bucket_plus,missing_or_negative,536,0.7534691469969059,2.478587603892472,8.048053826842517,0.8488805970149254
F18_reference_huber_010,recent_holdout,prev2_gap_bucket_plus,1-30,103247,0.055819971142161924,0.1678103027028126,0.2815028566157894,0.030877410481660483
F18_reference_huber_010,recent_holdout,prev2_gap_bucket_plus,181-365,13179,0.08335687629687785,0.24539066810634583,0.4176716759254646,0.08346612034296988
F18_reference_huber_010,recent_holdout,prev2_gap_bucket_plus,31-90,58745,0.0617712779996951,0.1864637345585539,0.3120037185013318,0.04122904076942718
F18_reference_huber_010,recent_holdout,prev2_gap_bucket_plus,366-730,5741,0.09935271890618694,0.2911924906229375,0.5205154941341178,0.1271555478139697
F18_reference_huber_010,recent_holdout,prev2_gap_bucket_plus,731+,5009,0.14930558275722194,0.4282160112312979,0.731544146589531,0.26652026352565383
F18_reference_huber_010,recent_holdout,prev2_gap_bucket_plus,91-180,22430,0.07259022867539168,0.20748880592183663,0.36092462274926806,0.05541685242978154
F18_reference_huber_010,recent_holdout,prev2_gap_bucket_plus,missing_or_negative,1117,0.44734368220817916,0.9293293291893825,6.721918219792214,0.5523724261414503
F18_reference_huber_010,recent_holdout,wide_prev_jump_20_group,0,191409,0.06053596947013842,0.17819603272382425,0.33906395754845137,0.037798640607285966
F18_reference_huber_010,recent_holdout,wide_prev_jump_20_group,1,18059,0.13010501824578452,0.3137306978764456,0.5123970971699293,0.18827177584583865
F18_reference_huber_010,recent_holdout,exact_prev_jump_20_group,0,191594,0.060833932008359085,0.1797119624566083,0.33986738090302376,0.03869119074710064
F18_reference_huber_010,recent_holdout,exact_prev_jump_20_group,1,17874,0.12763117016900524,0.3105835002027777,0.5187443469696669,0.18026183282980865
F18_reference_huber_010,recent_holdout,exact_wide_gap_10_group,0,204544,0.06523567252280399,0.1963162361509411,0.35513613352071494,0.0478136733416771
F18_reference_huber_010,recent_holdout,exact_wide_gap_10_group,1,4924,0.12045704799064365,0.3330554165516774,0.5607818460377144,0.17363931762794477
F18_reference_huber_010,recent_holdout,region_prior_missing_group,0,209468,0.06653377081372978,0.2015356456274523,0.36463215461010673,0.050771478221017054
F18_reference_huber_010,recent_holdout,wide_region_outlier_20_group,0,70290,0.06414512075122797,0.18135597320605681,0.360696948378455,0.039536207141840946
F18_reference_huber_010,recent_holdout,wide_region_outlier_20_group,1,139178,0.06774012679594861,0.21054253800248848,0.3653903016629456,0.056445702625414935
F31_floor_flags_huber_010,valid,exact_prev1_missing_group,0,382467,0.06098124195296454,0.18570812915510843,0.31992239575039605,0.041459786073046824
F31_floor_flags_huber_010,valid,exact_prev1_missing_group,1,1965,0.485350395993703,0.9502207607344846,3.0845864204523523,0.5954198473282443
F31_floor_flags_huber_010,valid,wide_prev1_present_exact_missing_group,0,383760,0.06300730645705158,0.18950464759940697,0.3438127788968769,0.043928496977277465
F31_floor_flags_huber_010,valid,wide_prev1_present_exact_missing_group,1,672,0.1448545657648735,0.39996759629953704,0.589032784322095,0.25148809523809523
F31_floor_flags_huber_010,valid,exact_prev1_gap_bucket_plus,1-30,250361,0.05360633287630099,0.15969893263821855,0.2633073119913768,0.025838688933180486
F31_floor_flags_huber_010,valid,exact_prev1_gap_bucket_plus,181-365,14625,0.08718437905517341,0.26007762770329773,0.4315379247236684,0.09552136752136751
F31_floor_flags_huber_010,valid,exact_prev1_gap_bucket_plus,31-90,76044,0.06221106609023208,0.18419817175657932,0.30704786730435113,0.03963494818789122
F31_floor_flags_huber_010,valid,exact_prev1_gap_bucket_plus,366-730,6661,0.11533432349047233,0.35113077841303275,0.5632115039416333,0.18465695841465246
F31_floor_flags_huber_010,valid,exact_prev1_gap_bucket_plus,731+,7988,0.14603316944594943,0.3941321769357245,0.6285742418487267,0.2643965948923385
F31_floor_flags_huber_010,valid,exact_prev1_gap_bucket_plus,91-180,26788,0.07323326941276306,0.21507516845591035,0.3641992306473253,0.06103479169777512
F31_floor_flags_huber_010,valid,exact_prev1_gap_bucket_plus,missing_or_negative,1965,0.485350395993703,0.9502207607344846,3.0845864204523523,0.5954198473282443
F31_floor_flags_huber_010,valid,prev1_gap_bucket_plus,1-30,258458,0.05423531585967706,0.16165317645820487,0.26769913342746604,0.026940547400351313
F31_floor_flags_huber_010,valid,prev1_gap_bucket_plus,181-365,13142,0.08938671215243109,0.266072361506218,0.4413406905317892,0.10135443615887993
F31_floor_flags_huber_010,valid,prev1_gap_bucket_plus,31-90,74756,0.06299076265524393,0.18768333885940436,0.31257665233950543,0.041842795227138956
F31_floor_flags_huber_010,valid,prev1_gap_bucket_plus,366-730,5694,0.12081526581440505,0.36263696451325267,0.5646918245241711,0.2016157358623112
F31_floor_flags_huber_010,valid,prev1_gap_bucket_plus,731+,5847,0.16482833574969433,0.42129565308341294,0.6651229804982117,0.3194800752522661
F31_floor_flags_huber_010,valid,prev1_gap_bucket_plus,91-180,25242,0.07399463754534975,0.2182286359724629,0.36495569339876266,0.06287140480152127
F31_floor_flags_huber_010,valid,prev1_gap_bucket_plus,missing_or_negative,1293,0.6623134260894287,1.4425653708568251,3.4602133941282074,0.774168600154679
F31_floor_flags_huber_010,valid,prev2_gap_bucket_plus,1-30,170682,0.052280619076642755,0.15579794426686006,0.2573756499615072,0.023898243517184004
F31_floor_flags_huber_010,valid,prev2_gap_bucket_plus,181-365,26798,0.07384170845797501,0.22144559436260497,0.37306384861574926,0.06429584297335622
F31_floor_flags_huber_010,valid,prev2_gap_bucket_plus,31-90,113092,0.0573419823507043,0.17058141137640095,0.2801400415548181,0.03176175149435857
F31_floor_flags_huber_010,valid,prev2_gap_bucket_plus,366-730,11654,0.09640914862204215,0.291463885061072,0.49700667634585793,0.12424918482924317
F31_floor_flags_huber_010,valid,prev2_gap_bucket_plus,731+,13013,0.13001254180923388,0.3665235444016282,0.5797726876498883,0.2167063705525244
F31_floor_flags_huber_010,valid,prev2_gap_bucket_plus,91-180,46543,0.0652634296277375,0.19136480149763732,0.3241788949690156,0.04443203059536343
F31_floor_flags_huber_010,valid,prev2_gap_bucket_plus,missing_or_negative,2650,0.3913112331627495,0.8900250336597506,2.8077178567433325,0.4894339622641509
F31_floor_flags_huber_010,valid,wide_prev_jump_20_group,0,352933,0.05826462288752406,0.17173922481318443,0.3201066326057044,0.03447113191455602
F31_floor_flags_huber_010,valid,wide_prev_jump_20_group,1,31499,0.1178932043744114,0.2947813951668499,0.46939522399731837,0.1543223594399822
F31_floor_flags_huber_010,valid,exact_prev_jump_20_group,0,352916,0.05849785863559017,0.17274626260561446,0.3222465593641895,0.035152840902651056
F31_floor_flags_huber_010,valid,exact_prev_jump_20_group,1,31516,0.1152492675439197,0.2895777834037072,0.46394697171769167,0.1466239370478487
F31_floor_flags_huber_010,valid,exact_wide_gap_10_group,0,375845,0.06200456217076305,0.18564973203051882,0.3375449071368555,0.04180180659580412
F31_floor_flags_huber_010,valid,exact_wide_gap_10_group,1,8587,0.11330167987442363,0.30599980409196487,0.5052915059168603,0.15325492022825202
F31_floor_flags_huber_010,valid,region_prior_missing_group,0,384432,0.06315037820512372,0.19004120251385326,0.34527826463390726,0.0442913181004703
F31_floor_flags_huber_010,valid,wide_region_outlier_20_group,0,142995,0.0610788947861949,0.17227917646691052,0.35054462879115006,0.03498024406447778
F31_floor_flags_huber_010,valid,wide_region_outlier_20_group,1,241437,0.06437724803654857,0.19968167322877092,0.34345185678456386,0.04980595351996587
F31_floor_flags_huber_010,test,exact_prev1_missing_group,0,440056,0.060064230982222994,0.18570781731835725,0.32150802927794864,0.04158561637609759
F31_floor_flags_huber_010,test,exact_prev1_missing_group,1,1952,0.5323894018792815,0.9135999825506695,2.6451056477200923,0.6516393442622951
F31_floor_flags_huber_010,test,wide_prev1_present_exact_missing_group,0,441315,0.06198541013415086,0.18928664018833047,0.3441654986829168,0.043875689700100834
F31_floor_flags_huber_010,test,wide_prev1_present_exact_missing_group,1,693,0.16703905949305797,0.4608182892855718,0.7665089574876381,0.30158730158730157
F31_floor_flags_huber_010,test,exact_prev1_gap_bucket_plus,1-30,297688,0.05290991716104933,0.160693821071254,0.26804890376414137,0.027239929053236946
F31_floor_flags_huber_010,test,exact_prev1_gap_bucket_plus,181-365,16289,0.08651122782346458,0.2525878877842677,0.42259865987594225,0.09325311559948432
F31_floor_flags_huber_010,test,exact_prev1_gap_bucket_plus,31-90,82193,0.06253781494887586,0.1886819627287176,0.3158780274682611,0.04304502816541555
F31_floor_flags_huber_010,test,exact_prev1_gap_bucket_plus,366-730,7345,0.11084741860679022,0.3264616304312281,0.5384603737194582,0.16078965282505106
F31_floor_flags_huber_010,test,exact_prev1_gap_bucket_plus,731+,7168,0.1606348888411183,0.43844396550369724,0.7352109488633183,0.28989955357142855
F31_floor_flags_huber_010,test,exact_prev1_gap_bucket_plus,91-180,29373,0.0737418929726376,0.2172181409250375,0.3672096377397394,0.06383413338780512
F31_floor_flags_huber_010,test,exact_prev1_gap_bucket_plus,missing_or_negative,1952,0.5323894018792815,0.9135999825506695,2.6451056477200923,0.6516393442622951
F31_floor_flags_huber_010,test,prev1_gap_bucket_plus,1-30,307053,0.053560157055034564,0.16269535256549236,0.27221019167253163,0.028330613933099498
F31_floor_flags_huber_010,test,prev1_gap_bucket_plus,181-365,14560,0.08891667001517371,0.26249736509038557,0.43016188996659016,0.09993131868131869
F31_floor_flags_huber_010,test,prev1_gap_bucket_plus,31-90,80451,0.06335388465860443,0.1920242859860935,0.32230743923835103,0.045108202508359126
F31_floor_flags_huber_010,test,prev1_gap_bucket_plus,366-730,6115,0.11641683508721712,0.33760308347742796,0.5597664005108053,0.17481602616516762
F31_floor_flags_huber_010,test,prev1_gap_bucket_plus,731+,5072,0.18720179271760384,0.48430963061315685,0.8330610223191729,0.36139589905362773
F31_floor_flags_huber_010,test,prev1_gap_bucket_plus,91-180,27498,0.0745032316462995,0.22023596633746942,0.3687605425776276,0.06633209687977308
F31_floor_flags_huber_010,test,prev1_gap_bucket_plus,missing_or_negative,1259,0.7334916951863928,1.2744406516632552,3.5580603299102203,0.8443208895949166
F31_floor_flags_huber_010,test,prev2_gap_bucket_plus,1-30,210613,0.051379216433054924,0.15558723971783706,0.26220147969503704,0.0251551423701291
F31_floor_flags_huber_010,test,prev2_gap_bucket_plus,181-365,29619,0.074689076044708,0.22297845202427546,0.3851476860135373,0.0664438367264256
F31_floor_flags_huber_010,test,prev2_gap_bucket_plus,31-90,123464,0.057846206041031856,0.17521599238977761,0.2900274734099285,0.034682174561005634
F31_floor_flags_huber_010,test,prev2_gap_bucket_plus,366-730,12953,0.09288806953259321,0.27508386282701996,0.47660315673135223,0.11171157260866209
F31_floor_flags_huber_010,test,prev2_gap_bucket_plus,731+,10986,0.14464691916289524,0.3974240501672702,0.6942271871994755,0.2453122155470599
F31_floor_flags_huber_010,test,prev2_gap_bucket_plus,91-180,51663,0.06538342482273725,0.19625397365754013,0.3209983409599626,0.04782920078199098
F31_floor_flags_huber_010,test,prev2_gap_bucket_plus,missing_or_negative,2710,0.415278453783022,0.8537658456209025,2.1329029512942794,0.5206642066420665
F31_floor_flags_huber_010,test,wide_prev_jump_20_group,0,407525,0.05682974000005928,0.168406151858894,0.31854826512986884,0.033305932151401756
F31_floor_flags_huber_010,test,wide_prev_jump_20_group,1,34483,0.12502710170395023,0.3068917348099553,0.48603064667777957,0.1739697822115245
F31_floor_flags_huber_010,test,exact_prev_jump_20_group,0,407642,0.057045918574388926,0.16951602055351347,0.3216921536340643,0.033897390357225214
F31_floor_flags_huber_010,test,exact_prev_jump_20_group,1,34366,0.12269501839260978,0.30118854432299275,0.48318143182668455,0.16743292789384856
F31_floor_flags_huber_010,test,exact_wide_gap_10_group,0,432309,0.06094406161510764,0.18536330539860055,0.3387478554371915,0.0417594822222068
F31_floor_flags_huber_010,test,exact_wide_gap_10_group,1,9699,0.11590710473408687,0.31485505720193474,0.518709797225581,0.15661408392617795
F31_floor_flags_huber_010,test,region_prior_missing_group,0,442008,0.06215011796524377,0.18991135444137877,0.3459439832849554,0.04427974154313949
F31_floor_flags_huber_010,test,wide_region_outlier_20_group,0,156288,0.05926846396032453,0.16777978804660743,0.34566561854563516,0.03263206388206388
F31_floor_flags_huber_010,test,wide_region_outlier_20_group,1,285720,0.06372637423404127,0.2010229524249383,0.3459865426164061,0.050650986980260396
F31_floor_flags_huber_010,recent_holdout,exact_prev1_missing_group,0,208585,0.06349244967694517,0.19436949290121783,0.3405462258965915,0.0466476496392358
F31_floor_flags_huber_010,recent_holdout,exact_prev1_missing_group,1,883,0.5288154724347472,1.1604348219063274,6.891093794775649,0.6500566251415628
F31_floor_flags_huber_010,recent_holdout,wide_prev1_present_exact_missing_group,0,209121,0.06526377108576778,0.19754565325601253,0.36053203339892215,0.04869907852391678
F31_floor_flags_huber_010,recent_holdout,wide_prev1_present_exact_missing_group,1,347,0.18009108011136396,0.4896232721167623,0.7868062262058644,0.345821325648415
F31_floor_flags_huber_010,recent_holdout,exact_prev1_gap_bucket_plus,1-30,144144,0.05617198473737952,0.1693945338887725,0.28561632177347773,0.031961094461094464
F31_floor_flags_huber_010,recent_holdout,exact_prev1_gap_bucket_plus,181-365,7137,0.09437435881683327,0.2770716286547962,0.4694167678809004,0.11223203026481715
F31_floor_flags_huber_010,recent_holdout,exact_prev1_gap_bucket_plus,31-90,37968,0.06594819818551628,0.19558827972982476,0.32824248784480686,0.04703961230509903
F31_floor_flags_huber_010,recent_holdout,exact_prev1_gap_bucket_plus,366-730,3303,0.11688386461456735,0.3574664154529109,0.6330700157796487,0.17257039055404177
F31_floor_flags_huber_010,recent_holdout,exact_prev1_gap_bucket_plus,731+,3281,0.16952317013622048,0.4746677735102272,0.7588438169073968,0.31911002743066136
F31_floor_flags_huber_010,recent_holdout,exact_prev1_gap_bucket_plus,91-180,12752,0.08053435808175158,0.230454064315774,0.38915546462339784,0.07206712672521957
F31_floor_flags_huber_010,recent_holdout,exact_prev1_gap_bucket_plus,missing_or_negative,883,0.5288154724347472,1.1604348219063274,6.891093794775649,0.6500566251415628
F31_floor_flags_huber_010,recent_holdout,prev1_gap_bucket_plus,1-30,148451,0.05681135615216141,0.1715277959410593,0.28973889437039785,0.03308835912186513
F31_floor_flags_huber_010,recent_holdout,prev1_gap_bucket_plus,181-365,6418,0.09717339296078964,0.28262112456442934,0.4928714576214342,0.12277968214397009
F31_floor_flags_huber_010,recent_holdout,prev1_gap_bucket_plus,31-90,37152,0.06697141758953769,0.19901959164395217,0.33811288262688516,0.04955318690783807
F31_floor_flags_huber_010,recent_holdout,prev1_gap_bucket_plus,366-730,2677,0.1211643727210121,0.3617919658680542,0.648659423312158,0.1841613746731416
F31_floor_flags_huber_010,recent_holdout,prev1_gap_bucket_plus,731+,2322,0.1972848464446661,0.5261305827702152,0.7870246761192489,0.3979328165374677
F31_floor_flags_huber_010,recent_holdout,prev1_gap_bucket_plus,91-180,11912,0.08211284477772156,0.23548983932753514,0.4082646318248647,0.07488247145735392
F31_floor_flags_huber_010,recent_holdout,prev1_gap_bucket_plus,missing_or_negative,536,0.7545754801515644,2.453208650353784,7.829288044222043,0.8470149253731343
F31_floor_flags_huber_010,recent_holdout,prev2_gap_bucket_plus,1-30,103247,0.05458436452843375,0.16457213438999066,0.27656750096597926,0.029201817001946788
F31_floor_flags_huber_010,recent_holdout,prev2_gap_bucket_plus,181-365,13179,0.08269791228067283,0.2440354048727293,0.4142818294245309,0.08270733743076106
F31_floor_flags_huber_010,recent_holdout,prev2_gap_bucket_plus,31-90,58745,0.06068509801871648,0.18303207208665642,0.3080583418296861,0.03945867733424121
F31_floor_flags_huber_010,recent_holdout,prev2_gap_bucket_plus,366-730,5741,0.09886197584637728,0.288089322811011,0.5139421593065747,0.1252395053126633
F31_floor_flags_huber_010,recent_holdout,prev2_gap_bucket_plus,731+,5009,0.14941563986743567,0.43211814105661756,0.7298509611195704,0.26612098223198244
F31_floor_flags_huber_010,recent_holdout,prev2_gap_bucket_plus,91-180,22430,0.07152062775552358,0.2051749628908403,0.3612576010006113,0.05399019170753455
F31_floor_flags_huber_010,recent_holdout,prev2_gap_bucket_plus,missing_or_negative,1117,0.4474715313476898,0.9302074877427706,6.638871382269726,0.5532676812891674
F31_floor_flags_huber_010,recent_holdout,wide_prev_jump_20_group,0,191409,0.05943334275703748,0.1749104078716548,0.3364632574546028,0.03648208809408126
F31_floor_flags_huber_010,recent_holdout,wide_prev_jump_20_group,1,18059,0.1292673998695222,0.3114382528980374,0.5083384934927556,0.18389722576000886
F31_floor_flags_huber_010,recent_holdout,exact_prev_jump_20_group,0,191594,0.059723442964900605,0.1764953056564019,0.3370996778497804,0.037318496403853985
F31_floor_flags_huber_010,recent_holdout,exact_prev_jump_20_group,1,17874,0.12688057214995646,0.3079152013265055,0.5156485719739025,0.17645742419156316
F31_floor_flags_huber_010,recent_holdout,exact_wide_gap_10_group,0,204544,0.0641406477144282,0.19342714253742052,0.35429846795012326,0.046312773779724654
F31_floor_flags_huber_010,recent_holdout,exact_wide_gap_10_group,1,4924,0.12001056700355045,0.3314143183086518,0.5637104664468212,0.16876523151909018
F31_floor_flags_huber_010,recent_holdout,region_prior_missing_group,0,209468,0.06545399143556767,0.19845914549200766,0.362130005197733,0.049191284587621974
F31_floor_flags_huber_010,recent_holdout,wide_region_outlier_20_group,0,70290,0.06286319127631217,0.17843549431786468,0.36065955725404686,0.03740219092331768
F31_floor_flags_huber_010,recent_holdout,wide_region_outlier_20_group,1,139178,0.06676244063870372,0.20846447807301577,0.36252251936273766,0.05514520973142307
F32_floor_bucket_huber_010,valid,exact_prev1_missing_group,0,382467,0.060940532147939847,0.18624299916743245,0.32077393471783805,0.04176830942277373
F32_floor_bucket_huber_010,valid,exact_prev1_missing_group,1,1965,0.4853812406355102,0.9476584455160283,3.0811200592783163,0.5944020356234097
F32_floor_bucket_huber_010,valid,wide_prev1_present_exact_missing_group,0,383760,0.06296971824677093,0.19008650101064758,0.34534856087043897,0.04423337502605795
F32_floor_bucket_huber_010,valid,wide_prev1_present_exact_missing_group,1,672,0.14324043525901667,0.39494513467214004,0.5901776738771773,0.25
F32_floor_bucket_huber_010,valid,exact_prev1_gap_bucket_plus,1-30,250361,0.05356369957063236,0.15962717364242654,0.2632613374275978,0.02590259665043677
F32_floor_bucket_huber_010,valid,exact_prev1_gap_bucket_plus,181-365,14625,0.08729594695476069,0.26059839400886003,0.43188567849754167,0.09709401709401709
F32_floor_bucket_huber_010,valid,exact_prev1_gap_bucket_plus,31-90,76044,0.062097827707031136,0.1841862359937282,0.3069865929623562,0.04008205775603598
F32_floor_bucket_huber_010,valid,exact_prev1_gap_bucket_plus,366-730,6661,0.11629857928872256,0.35885708848242004,0.5776294331853258,0.18976129710253717
F32_floor_bucket_huber_010,valid,exact_prev1_gap_bucket_plus,731+,7988,0.14583997876706792,0.40036908645804076,0.6466698345916722,0.2655232849273911
F32_floor_bucket_huber_010,valid,exact_prev1_gap_bucket_plus,91-180,26788,0.07312886738176237,0.2149158985434605,0.3656494510248071,0.061109451993429896
F32_floor_bucket_huber_010,valid,exact_prev1_gap_bucket_plus,missing_or_negative,1965,0.4853812406355102,0.9476584455160283,3.0811200592783163,0.5944020356234097
F32_floor_bucket_huber_010,valid,prev1_gap_bucket_plus,1-30,258458,0.05419162495207009,0.16174175922123638,0.26764371623280186,0.027029536713895488
F32_floor_bucket_huber_010,valid,prev1_gap_bucket_plus,181-365,13142,0.08955576503831325,0.266954012822408,0.4463110799468646,0.1028001826206057
F32_floor_bucket_huber_010,valid,prev1_gap_bucket_plus,31-90,74756,0.06286389641541479,0.18742744398829794,0.31207056951829243,0.0422708545133501
F32_floor_bucket_huber_010,valid,prev1_gap_bucket_plus,366-730,5694,0.12211799238556073,0.373853432331998,0.583195518912497,0.20741131015103617
F32_floor_bucket_huber_010,valid,prev1_gap_bucket_plus,731+,5847,0.16435983193771866,0.42803086157912806,0.6846098993757034,0.31965110312981015
F32_floor_bucket_huber_010,valid,prev1_gap_bucket_plus,91-180,25242,0.07388455705215717,0.2177466821583419,0.36792213621402564,0.0632279534109817
F32_floor_bucket_huber_010,valid,prev1_gap_bucket_plus,missing_or_negative,1293,0.6631991998103003,1.438730367307893,3.451560127539161,0.7733952049497294
F32_floor_bucket_huber_010,valid,prev2_gap_bucket_plus,1-30,170682,0.05224454463271725,0.155526728106417,0.2568608731218134,0.023945114306136557
F32_floor_bucket_huber_010,valid,prev2_gap_bucket_plus,181-365,26798,0.07386153210014404,0.221991857685463,0.37419138937078994,0.06515411597880438
F32_floor_bucket_huber_010,valid,prev2_gap_bucket_plus,31-90,113092,0.057298870328551924,0.17051782723871667,0.27972708399446516,0.03179712092809394
F32_floor_bucket_huber_010,valid,prev2_gap_bucket_plus,366-730,11654,0.09646245372066078,0.2954703001849307,0.5057723867103613,0.12613694868714603
F32_floor_bucket_huber_010,valid,prev2_gap_bucket_plus,731+,13013,0.12985628669579893,0.3751163380978187,0.6022897496973019,0.21985706601091218
F32_floor_bucket_huber_010,valid,prev2_gap_bucket_plus,91-180,46543,0.06519508247341697,0.1920539371746534,0.3235958173565468,0.04492619727993468
F32_floor_bucket_huber_010,valid,prev2_gap_bucket_plus,missing_or_negative,2650,0.39115474772223685,0.8902610382079358,2.803637643813487,0.48754716981132074
F32_floor_bucket_huber_010,valid,wide_prev_jump_20_group,0,352933,0.05821150123930367,0.1715884916170784,0.3208677862337158,0.03460430166632194
F32_floor_bucket_huber_010,valid,wide_prev_jump_20_group,1,31499,0.11799602780989019,0.29769117848830084,0.46930953046472634,0.15651290517159275
F32_floor_bucket_huber_010,valid,exact_prev_jump_20_group,0,352916,0.05845977689490781,0.17278601826023923,0.32336962689553755,0.03528318353375874
F32_floor_bucket_huber_010,valid,exact_prev_jump_20_group,1,31516,0.11518359005684727,0.2918440239108173,0.4677053015831604,0.14884503109531666
F32_floor_bucket_huber_010,valid,exact_wide_gap_10_group,0,375845,0.061958155895247856,0.18619400947812217,0.339684024028465,0.04208915909483963
F32_floor_bucket_huber_010,valid,exact_wide_gap_10_group,1,8587,0.11352667339297187,0.3111586684168793,0.5069784520662939,0.1541865610807034
F32_floor_bucket_huber_010,valid,region_prior_missing_group,0,384432,0.0631100341461556,0.19071492807902993,0.3467960076933507,0.04459306197194823
F32_floor_bucket_huber_010,valid,wide_region_outlier_20_group,0,142995,0.0611116922902328,0.17284397151928504,0.35317181841871514,0.03523200111892024
F32_floor_bucket_huber_010,valid,wide_region_outlier_20_group,1,241437,0.06429358469428066,0.20029254110283468,0.3442251589098005,0.05013730289889288
F32_floor_bucket_huber_010,test,exact_prev1_missing_group,0,440056,0.05992215064718556,0.18561184796172506,0.322283616641677,0.041656061955751084
F32_floor_bucket_huber_010,test,exact_prev1_missing_group,1,1952,0.5323248482077696,0.9139913531560481,2.6434871067740753,0.6531762295081968
F32_floor_bucket_huber_010,test,wide_prev1_present_exact_missing_group,0,441315,0.06184629062748831,0.18934055827671303,0.34492023574590097,0.043948200265116755
F32_floor_bucket_huber_010,test,wide_prev1_present_exact_missing_group,1,693,0.16522984217813746,0.46033258000061156,0.7704326223006841,0.30447330447330445
F32_floor_bucket_huber_010,test,exact_prev1_gap_bucket_plus,1-30,297688,0.052847682051766834,0.1604263838877344,0.26831628703178073,0.027327268818360163
F32_floor_bucket_huber_010,test,exact_prev1_gap_bucket_plus,181-365,16289,0.0861671125155323,0.254262289475617,0.43016826241393397,0.09362146233654614
F32_floor_bucket_huber_010,test,exact_prev1_gap_bucket_plus,31-90,82193,0.06236414534401403,0.18881673730973034,0.31530208741346005,0.04292336330344433
F32_floor_bucket_huber_010,test,exact_prev1_gap_bucket_plus,366-730,7345,0.11071305388023653,0.3305939380938741,0.5581706507678655,0.1639210347174949
F32_floor_bucket_huber_010,test,exact_prev1_gap_bucket_plus,731+,7168,0.1585918979573157,0.4506594580137417,0.7680881881222884,0.28989955357142855
F32_floor_bucket_huber_010,test,exact_prev1_gap_bucket_plus,91-180,29373,0.07345299258628997,0.21810274457653622,0.3682746296623114,0.06335750519184286
F32_floor_bucket_huber_010,test,exact_prev1_gap_bucket_plus,missing_or_negative,1952,0.5323248482077696,0.9139913531560481,2.6434871067740753,0.6531762295081968
F32_floor_bucket_huber_010,test,prev1_gap_bucket_plus,1-30,307053,0.05349578702877494,0.16266268735058267,0.27224440752787343,0.02841203310177722
F32_floor_bucket_huber_010,test,prev1_gap_bucket_plus,181-365,14560,0.08851367370862741,0.26384683401861725,0.43453779251358055,0.10020604395604396
F32_floor_bucket_huber_010,test,prev1_gap_bucket_plus,31-90,80451,0.06317810683359958,0.19249754308975642,0.32169246206767355,0.04509577258206859
F32_floor_bucket_huber_010,test,prev1_gap_bucket_plus,366-730,6115,0.11620899586581805,0.34365852815873166,0.582200991343316,0.17955846279640228
F32_floor_bucket_huber_010,test,prev1_gap_bucket_plus,731+,5072,0.18453716690229444,0.4904331110796065,0.8682842910601573,0.3602129337539432
F32_floor_bucket_huber_010,test,prev1_gap_bucket_plus,91-180,27498,0.07416804236546128,0.22095149454184895,0.37108330399533923,0.06567750381845952
F32_floor_bucket_huber_010,test,prev1_gap_bucket_plus,missing_or_negative,1259,0.7343874686831748,1.2709037913062966,3.552584058907427,0.8451151707704527
F32_floor_bucket_huber_010,test,prev2_gap_bucket_plus,1-30,210613,0.051345882507866245,0.15553601398465602,0.2630089088928011,0.02525485131497106
F32_floor_bucket_huber_010,test,prev2_gap_bucket_plus,181-365,29619,0.0745414366066677,0.22415196840161988,0.3889196359460251,0.06664640939937203
F32_floor_bucket_huber_010,test,prev2_gap_bucket_plus,31-90,123464,0.05778634909726446,0.1753771731701156,0.2903163413213952,0.034682174561005634
F32_floor_bucket_huber_010,test,prev2_gap_bucket_plus,366-730,12953,0.09265109154709553,0.2785317756563248,0.48195436241784184,0.11302400988188065
F32_floor_bucket_huber_010,test,prev2_gap_bucket_plus,731+,10986,0.1417839068420849,0.4055367171641323,0.7241937814514651,0.24494811578372475
F32_floor_bucket_huber_010,test,prev2_gap_bucket_plus,91-180,51663,0.06521398903017128,0.19670095622055622,0.32095351007295647,0.04784855699436734
F32_floor_bucket_huber_010,test,prev2_gap_bucket_plus,missing_or_negative,2710,0.4150609431107948,0.8558048789639618,2.1282122483787376,0.5180811808118081
F32_floor_bucket_huber_010,test,wide_prev_jump_20_group,0,407525,0.056703745054075015,0.1682478273595005,0.31896931704773046,0.03331083982577756
F32_floor_bucket_huber_010,test,wide_prev_jump_20_group,1,34483,0.12469931055121458,0.30744482642624027,0.4930028420482182,0.17489777571557
F32_floor_bucket_huber_010,test,exact_prev_jump_20_group,0,407642,0.0569395087966699,0.16946473209372695,0.32158394617760716,0.03395626554672973
F32_floor_bucket_huber_010,test,exact_prev_jump_20_group,1,34366,0.12213422522281722,0.3015058163055762,0.48821517629993,0.1677239131699936
F32_floor_bucket_huber_010,test,exact_wide_gap_10_group,0,432309,0.06080080704563036,0.1852717871367341,0.33929595536781365,0.041817311228773864
F32_floor_bucket_huber_010,test,exact_wide_gap_10_group,1,9699,0.11583296585318469,0.31772600172111004,0.5351484081886286,0.1575420146406846
F32_floor_bucket_huber_010,test,region_prior_missing_group,0,442008,0.06200838000420684,0.19003659392068442,0.34701116686843697,0.04435666322781488
F32_floor_bucket_huber_010,test,wide_region_outlier_20_group,0,156288,0.059171894631595695,0.16755519515354358,0.3493430476309595,0.032830415642915646
F32_floor_bucket_huber_010,test,wide_region_outlier_20_group,1,285720,0.06355992916392492,0.20109459515859063,0.3464490953347764,0.050661486770264594
F32_floor_bucket_huber_010,recent_holdout,exact_prev1_missing_group,0,208585,0.06336444614208003,0.19442915263751265,0.34187315061549023,0.04665723805642784
F32_floor_bucket_huber_010,recent_holdout,exact_prev1_missing_group,1,883,0.5279473883160074,1.1560223219076227,6.873149376245977,0.6443941109852774
F32_floor_bucket_huber_010,recent_holdout,wide_prev1_present_exact_missing_group,0,209121,0.06513757174274463,0.19789913960701278,0.3624535190781582,0.04871342428546153
F32_floor_bucket_huber_010,recent_holdout,wide_prev1_present_exact_missing_group,1,347,0.17699251300949495,0.4969983805545789,0.8039683416820279,0.3285302593659942
F32_floor_bucket_huber_010,recent_holdout,exact_prev1_gap_bucket_plus,1-30,144144,0.05616271168716032,0.1695098222041017,0.28698142498603635,0.03216921966921967
F32_floor_bucket_huber_010,recent_holdout,exact_prev1_gap_bucket_plus,181-365,7137,0.09368687991015368,0.27597462780348225,0.4752582246299389,0.11153145579375087
F32_floor_bucket_huber_010,recent_holdout,exact_prev1_gap_bucket_plus,31-90,37968,0.06577549464175025,0.1955728099740194,0.3286494456309252,0.04682890855457227
F32_floor_bucket_huber_010,recent_holdout,exact_prev1_gap_bucket_plus,366-730,3303,0.11605707166405639,0.3582041997315598,0.6444546006800648,0.17226763548289434
F32_floor_bucket_huber_010,recent_holdout,exact_prev1_gap_bucket_plus,731+,3281,0.1677406177998725,0.4959557763677617,0.8075859623020385,0.3160621761658031
F32_floor_bucket_huber_010,recent_holdout,exact_prev1_gap_bucket_plus,91-180,12752,0.08011718694535949,0.22914450180601798,0.39053596475426333,0.0717534504391468
F32_floor_bucket_huber_010,recent_holdout,exact_prev1_gap_bucket_plus,missing_or_negative,883,0.5279473883160074,1.1560223219076227,6.873149376245977,0.6443941109852774
F32_floor_bucket_huber_010,recent_holdout,prev1_gap_bucket_plus,1-30,148451,0.05679676024362592,0.17166526230554557,0.29017852242176256,0.03333086338253026
F32_floor_bucket_huber_010,recent_holdout,prev1_gap_bucket_plus,181-365,6418,0.09634934126045633,0.2834115485083504,0.49658213763587655,0.12231224680585852
F32_floor_bucket_huber_010,recent_holdout,prev1_gap_bucket_plus,31-90,37152,0.06679074307636929,0.1984656466891058,0.3377085744908866,0.049176356589147284
F32_floor_bucket_huber_010,recent_holdout,prev1_gap_bucket_plus,366-730,2677,0.12006758481991787,0.36601304469667895,0.6676652749706198,0.1830407172207695
F32_floor_bucket_huber_010,recent_holdout,prev1_gap_bucket_plus,731+,2322,0.19507807276726377,0.5464161155473175,0.8248263073887654,0.39190353143841516
F32_floor_bucket_huber_010,recent_holdout,prev1_gap_bucket_plus,91-180,11912,0.08164721097398922,0.23558292775654968,0.4102750489206909,0.07437877770315648
F32_floor_bucket_huber_010,recent_holdout,prev1_gap_bucket_plus,missing_or_negative,536,0.7551513840834699,2.452175317836999,7.804793106739597,0.8488805970149254
F32_floor_bucket_huber_010,recent_holdout,prev2_gap_bucket_plus,1-30,103247,0.0546024301460683,0.16433896450737148,0.27767339624055104,0.029511753368136603
F32_floor_bucket_huber_010,recent_holdout,prev2_gap_bucket_plus,181-365,13179,0.08234752880753504,0.24529899959650317,0.4147156738875898,0.08217618939221488
F32_floor_bucket_huber_010,recent_holdout,prev2_gap_bucket_plus,31-90,58745,0.06065889774496541,0.18355228679645316,0.3089541476240726,0.039441654608902886
F32_floor_bucket_huber_010,recent_holdout,prev2_gap_bucket_plus,366-730,5741,0.09838957520321066,0.29217461459481503,0.5234020704655946,0.12628461940428498
F32_floor_bucket_huber_010,recent_holdout,prev2_gap_bucket_plus,731+,5009,0.14614405940001665,0.4383131524777727,0.7569202657915094,0.2595328408864045
F32_floor_bucket_huber_010,recent_holdout,prev2_gap_bucket_plus,91-180,22430,0.07137268134203839,0.20663540840377312,0.3627897462900621,0.05412394115024521
F32_floor_bucket_huber_010,recent_holdout,prev2_gap_bucket_plus,missing_or_negative,1117,0.44679410893191535,0.9302162080646349,6.6209949899334175,0.5505819158460161
F32_floor_bucket_huber_010,recent_holdout,wide_prev_jump_20_group,0,191409,0.059322392513627815,0.17484449150578213,0.33617185451472453,0.03639327304358729
F32_floor_bucket_huber_010,recent_holdout,wide_prev_jump_20_group,1,18059,0.12892246047886433,0.31323715842498046,0.5142754412278954,0.18467246248407995
F32_floor_bucket_huber_010,recent_holdout,exact_prev_jump_20_group,0,191594,0.05962379702414928,0.17638056777663746,0.337837318123556,0.037219328371452136
F32_floor_bucket_huber_010,recent_holdout,exact_prev_jump_20_group,1,17874,0.12641203845719712,0.30825419607645044,0.5241084277551913,0.17735257916526798
F32_floor_bucket_huber_010,recent_holdout,exact_wide_gap_10_group,0,204544,0.06401057826985034,0.1935604142682137,0.3556197381743473,0.0462443288485607
F32_floor_bucket_huber_010,recent_holdout,exact_wide_gap_10_group,1,4924,0.11983566628767825,0.33618769953577293,0.5821124006541577,0.1709991876523152
F32_floor_bucket_huber_010,recent_holdout,region_prior_missing_group,0,209468,0.06532286813464969,0.19851855382255235,0.3648934654801275,0.04917696259094468
F32_floor_bucket_huber_010,recent_holdout,wide_region_outlier_20_group,0,70290,0.0627408285412786,0.17783281495728137,0.36466905653133985,0.03733105704936691
F32_floor_bucket_huber_010,recent_holdout,wide_region_outlier_20_group,1,139178,0.06662689293036488,0.2087727666198677,0.36491777496390926,0.0551595798186495
F33_floor_interactions_huber_010,valid,exact_prev1_missing_group,0,382467,0.06070953128844221,0.18526980611409669,0.31999584763927924,0.04124015928171581
F33_floor_interactions_huber_010,valid,exact_prev1_missing_group,1,1965,0.4834697483702382,0.9458049982100872,3.0649937088591717,0.5959287531806616
F33_floor_interactions_huber_010,valid,wide_prev1_present_exact_missing_group,0,383760,0.06273044662296338,0.18918426450816053,0.3441285515711479,0.04371742755889097
F33_floor_interactions_huber_010,valid,wide_prev1_present_exact_missing_group,1,672,0.1428186946662366,0.3986589191743622,0.5977651228605806,0.24851190476190477
F33_floor_interactions_huber_010,valid,exact_prev1_gap_bucket_plus,1-30,250361,0.053345394872247494,0.1586881530465583,0.26218854608006303,0.025495184952927973
F33_floor_interactions_huber_010,valid,exact_prev1_gap_bucket_plus,181-365,14625,0.0870813787090312,0.2598300952157758,0.4333354145657258,0.09627350427350427
F33_floor_interactions_huber_010,valid,exact_prev1_gap_bucket_plus,31-90,76044,0.061892164273599976,0.18351296361465316,0.3063158136861336,0.039398243122402817
F33_floor_interactions_huber_010,valid,exact_prev1_gap_bucket_plus,366-730,6661,0.11569865418932126,0.35509927834498084,0.5762256033676804,0.1876595105839964
F33_floor_interactions_huber_010,valid,exact_prev1_gap_bucket_plus,731+,7988,0.14521578791374215,0.39575668419187016,0.6457674896966678,0.264521782674011
F33_floor_interactions_huber_010,valid,exact_prev1_gap_bucket_plus,91-180,26788,0.0729072922440873,0.21503629068704955,0.3650714551788367,0.0605868299238465
F33_floor_interactions_huber_010,valid,exact_prev1_gap_bucket_plus,missing_or_negative,1965,0.4834697483702382,0.9458049982100872,3.0649937088591717,0.5959287531806616
F33_floor_interactions_huber_010,valid,prev1_gap_bucket_plus,1-30,258458,0.05396415273462161,0.16058453234357142,0.26638955367771083,0.02658459014617462
F33_floor_interactions_huber_010,valid,prev1_gap_bucket_plus,181-365,13142,0.0893676647076552,0.2668017813070852,0.4483185457687636,0.1028001826206057
F33_floor_interactions_huber_010,valid,prev1_gap_bucket_plus,31-90,74756,0.06265490228632288,0.18721097826185784,0.31209818280217205,0.041508373909786504
F33_floor_interactions_huber_010,valid,prev1_gap_bucket_plus,366-730,5694,0.12152475528130112,0.3720900000771715,0.5806878176150954,0.20425008781173165
F33_floor_interactions_huber_010,valid,prev1_gap_bucket_plus,731+,5847,0.16374112508601063,0.4285799317680979,0.6804268373415268,0.319138019497178
F33_floor_interactions_huber_010,valid,prev1_gap_bucket_plus,91-180,25242,0.07369635681695245,0.21813043094483534,0.3690574614209118,0.06283178828935901
F33_floor_interactions_huber_010,valid,prev1_gap_bucket_plus,missing_or_negative,1293,0.6605134514553805,1.444978574558402,3.449257569861641,0.7764887857695282
F33_floor_interactions_huber_010,valid,prev2_gap_bucket_plus,1-30,170682,0.052019466977621935,0.15496060505420017,0.2555262588631114,0.023529136054182633
F33_floor_interactions_huber_010,valid,prev2_gap_bucket_plus,181-365,26798,0.07356797222204192,0.22164314179351982,0.3751653548878657,0.06448242406149712
F33_floor_interactions_huber_010,valid,prev2_gap_bucket_plus,31-90,113092,0.057063252077113887,0.16967846366257977,0.27924396961604536,0.03129310649736498
F33_floor_interactions_huber_010,valid,prev2_gap_bucket_plus,366-730,11654,0.09634433071409668,0.2940906493561515,0.5037248732656009,0.12579371889480007
F33_floor_interactions_huber_010,valid,prev2_gap_bucket_plus,731+,13013,0.1297469413559968,0.3720872278492155,0.5946301717032975,0.2187043725505264
F33_floor_interactions_huber_010,valid,prev2_gap_bucket_plus,91-180,46543,0.0649300392011289,0.19053113295084342,0.32378342629423135,0.04408826246696603
F33_floor_interactions_huber_010,valid,prev2_gap_bucket_plus,missing_or_negative,2650,0.38962991702363003,0.8895248629705769,2.7999613307040696,0.4894339622641509
F33_floor_interactions_huber_010,valid,wide_prev_jump_20_group,0,352933,0.05802259107777883,0.17103517291816944,0.3207603838950521,0.034405963738159934
F33_floor_interactions_huber_010,valid,wide_prev_jump_20_group,1,31499,0.11718858446269492,0.29447195627152745,0.47094511899741653,0.1524175370646687
F33_floor_interactions_huber_010,valid,exact_prev_jump_20_group,0,352916,0.058262199654181404,0.17205623854345603,0.3231338169573409,0.03503383241337882
F33_floor_interactions_huber_010,valid,exact_prev_jump_20_group,1,31516,0.11447353425844223,0.2900737888806605,0.4690692673220639,0.14532301053433178
F33_floor_interactions_huber_010,valid,exact_wide_gap_10_group,0,375845,0.06174512639772613,0.18530490346287196,0.33828025630388886,0.04162354161955061
F33_floor_interactions_huber_010,valid,exact_wide_gap_10_group,1,8587,0.11212452869346225,0.3080484735046057,0.5057247819567494,0.15139163852334925
F33_floor_interactions_huber_010,valid,region_prior_missing_group,0,384432,0.06287044356048442,0.18974082424963495,0.3452199905877444,0.04407541515794731
F33_floor_interactions_huber_010,valid,wide_region_outlier_20_group,0,142995,0.06093846006511406,0.17177477666420155,0.3502079203512918,0.03491730480086716
F33_floor_interactions_huber_010,valid,wide_region_outlier_20_group,1,241437,0.06401469228756634,0.19916470208416884,0.3433873315675948,0.04949945534445839
F33_floor_interactions_huber_010,test,exact_prev1_missing_group,0,440056,0.05977659850405939,0.18505816918286025,0.3215609601409544,0.04119248459287
F33_floor_interactions_huber_010,test,exact_prev1_missing_group,1,1952,0.5298139859845864,0.9125034929887632,2.6329666181599864,0.6506147540983607
F33_floor_interactions_huber_010,test,wide_prev1_present_exact_missing_group,0,441315,0.0616915161759077,0.18851451276220935,0.3445647254599964,0.04348141350282678
F33_floor_interactions_huber_010,test,wide_prev1_present_exact_missing_group,1,693,0.1642947630210135,0.4570015591107622,0.7647410119234077,0.30014430014430016
F33_floor_interactions_huber_010,test,exact_prev1_gap_bucket_plus,1-30,297688,0.05268673119379948,0.15996803298371134,0.26732159726201377,0.026900647657950607
F33_floor_interactions_huber_010,test,exact_prev1_gap_bucket_plus,181-365,16289,0.08603019290292616,0.25278339495930313,0.42638605093494053,0.09380563570507705
F33_floor_interactions_huber_010,test,exact_prev1_gap_bucket_plus,31-90,82193,0.06224836498473804,0.18816363260161514,0.31537002060726893,0.04237587142457387
F33_floor_interactions_huber_010,test,exact_prev1_gap_bucket_plus,366-730,7345,0.11054445298461527,0.327322763779768,0.5566127598226999,0.16283185840707964
F33_floor_interactions_huber_010,test,exact_prev1_gap_bucket_plus,731+,7168,0.15854572322401286,0.44737542495108507,0.770550129524981,0.2885044642857143
F33_floor_interactions_huber_010,test,exact_prev1_gap_bucket_plus,91-180,29373,0.07335691856652428,0.21693978528436886,0.3685214697985622,0.06277874238246008
F33_floor_interactions_huber_010,test,exact_prev1_gap_bucket_plus,missing_or_negative,1952,0.5298139859845864,0.9125034929887632,2.6329666181599864,0.6506147540983607
F33_floor_interactions_huber_010,test,prev1_gap_bucket_plus,1-30,307053,0.053324650901732544,0.16186518371751696,0.27098887292468515,0.027991910191400182
F33_floor_interactions_huber_010,test,prev1_gap_bucket_plus,181-365,14560,0.08845774681307977,0.26376224623541994,0.4335536569801949,0.10075549450549451
F33_floor_interactions_huber_010,test,prev1_gap_bucket_plus,31-90,80451,0.06306730183790016,0.1913009812062194,0.32166995493243333,0.04447427626754173
F33_floor_interactions_huber_010,test,prev1_gap_bucket_plus,366-730,6115,0.11620028538192854,0.34226386372054995,0.570087367703251,0.17792313982011448
F33_floor_interactions_huber_010,test,prev1_gap_bucket_plus,731+,5072,0.18453341021268518,0.48717309923660485,0.8532877445313043,0.3574526813880126
F33_floor_interactions_huber_010,test,prev1_gap_bucket_plus,91-180,27498,0.07408257230626461,0.21979856902300027,0.3719840608586384,0.06524110844425049
F33_floor_interactions_huber_010,test,prev1_gap_bucket_plus,missing_or_negative,1259,0.7310092373855045,1.25586580885954,3.5511795348188966,0.8435266084193804
F33_floor_interactions_huber_010,test,prev2_gap_bucket_plus,1-30,210613,0.051160878417426586,0.1548904169163066,0.26182702289734483,0.024818031175663422
F33_floor_interactions_huber_010,test,prev2_gap_bucket_plus,181-365,29619,0.07438143732740227,0.22296661490896186,0.38569570530742503,0.06603869138053277
F33_floor_interactions_huber_010,test,prev2_gap_bucket_plus,31-90,123464,0.0576236671702776,0.17442071762165567,0.2896314865909088,0.03424480010367394
F33_floor_interactions_huber_010,test,prev2_gap_bucket_plus,366-730,12953,0.09251070383934223,0.2766763115085867,0.47962448520810974,0.11271520111171157
F33_floor_interactions_huber_010,test,prev2_gap_bucket_plus,731+,10986,0.1425383831845698,0.40303247398776154,0.7203075042116956,0.2454032404878937
F33_floor_interactions_huber_010,test,prev2_gap_bucket_plus,91-180,51663,0.06509304281868615,0.19590834387116676,0.32093891932364693,0.04703559607456013
F33_floor_interactions_huber_010,test,prev2_gap_bucket_plus,missing_or_negative,2710,0.41307369537448757,0.8524578593934888,2.1369413214580715,0.5166051660516605
F33_floor_interactions_huber_010,test,wide_prev_jump_20_group,0,407525,0.05658377143995037,0.16780400882663316,0.3190370746674827,0.03305318692104779
F33_floor_interactions_huber_010,test,wide_prev_jump_20_group,1,34483,0.12411757317746414,0.30636113755610406,0.48783563718824835,0.17188179682742222
F33_floor_interactions_huber_010,test,exact_prev_jump_20_group,0,407642,0.05680381898592271,0.16891531745963814,0.321559900414764,0.03365943646631112
F33_floor_interactions_huber_010,test,exact_prev_jump_20_group,1,34366,0.12173733785965121,0.30021701948623614,0.4851875917555534,0.16516324273991737
F33_floor_interactions_huber_010,test,exact_wide_gap_10_group,0,432309,0.06066992541102793,0.18481800694471823,0.33846276080068854,0.041389376580177606
F33_floor_interactions_huber_010,test,exact_wide_gap_10_group,1,9699,0.11455747473226115,0.31561335384740136,0.5307844636536097,0.15506753273533355
F33_floor_interactions_huber_010,test,region_prior_missing_group,0,442008,0.06185238215585301,0.18919234785727776,0.34674940192481146,0.043883821107310275
F33_floor_interactions_huber_010,test,wide_region_outlier_20_group,0,156288,0.0590830093691481,0.16710686017840998,0.3468172302551174,0.03245290745290745
F33_floor_interactions_huber_010,test,wide_region_outlier_20_group,1,285720,0.06336722092838741,0.20022594087309972,0.34670116285685754,0.0501364972700546
F33_floor_interactions_huber_010,recent_holdout,exact_prev1_missing_group,0,208585,0.06320142417806618,0.1938916092091949,0.34086153623026094,0.04634082028909078
F33_floor_interactions_huber_010,recent_holdout,exact_prev1_missing_group,1,883,0.5264262185342091,1.1440727711669316,6.862853033006696,0.6432616081540203
F33_floor_interactions_huber_010,recent_holdout,wide_prev1_present_exact_missing_group,0,209121,0.06496752672224877,0.19730902128240366,0.36091597048945623,0.04838825369044716
F33_floor_interactions_huber_010,recent_holdout,wide_prev1_present_exact_missing_group,1,347,0.17760592929180333,0.4880314323261463,0.8059334979626761,0.3314121037463977
F33_floor_interactions_huber_010,recent_holdout,exact_prev1_gap_bucket_plus,1-30,144144,0.05595500575346695,0.16875187315779047,0.2854345532092779,0.031746031746031744
F33_floor_interactions_huber_010,recent_holdout,exact_prev1_gap_bucket_plus,181-365,7137,0.09383232286566541,0.27834380849765883,0.47350659802674905,0.11125122600532436
F33_floor_interactions_huber_010,recent_holdout,exact_prev1_gap_bucket_plus,31-90,37968,0.06566707437764627,0.19443582288713968,0.3285476019262126,0.046670880741677204
F33_floor_interactions_huber_010,recent_holdout,exact_prev1_gap_bucket_plus,366-730,3303,0.11625581127349245,0.35647913831205985,0.6508529696775515,0.17317590069633668
F33_floor_interactions_huber_010,recent_holdout,exact_prev1_gap_bucket_plus,731+,3281,0.16766918904576292,0.4878058644875579,0.7992463489839877,0.3203291679366047
F33_floor_interactions_huber_010,recent_holdout,exact_prev1_gap_bucket_plus,91-180,12752,0.08000677467816616,0.2290124819858689,0.3903550541861962,0.07065558343789209
F33_floor_interactions_huber_010,recent_holdout,exact_prev1_gap_bucket_plus,missing_or_negative,883,0.5264262185342091,1.1440727711669316,6.862853033006696,0.6432616081540203
F33_floor_interactions_huber_010,recent_holdout,prev1_gap_bucket_plus,1-30,148451,0.056576161501869913,0.17091549937700223,0.28902789427350684,0.032852591090662915
F33_floor_interactions_huber_010,recent_holdout,prev1_gap_bucket_plus,181-365,6418,0.09655428841940329,0.2833715283126299,0.4981579878237565,0.12184481146774696
F33_floor_interactions_huber_010,recent_holdout,prev1_gap_bucket_plus,31-90,37152,0.0667052107547181,0.1982009427034022,0.33694516036525934,0.049257105943152454
F33_floor_interactions_huber_010,recent_holdout,prev1_gap_bucket_plus,366-730,2677,0.1205059526556734,0.3703597305905672,0.6605732627571776,0.18565558460963766
F33_floor_interactions_huber_010,recent_holdout,prev1_gap_bucket_plus,731+,2322,0.19509782121198566,0.5391467474946472,0.8358577874693197,0.3962101636520241
F33_floor_interactions_huber_010,recent_holdout,prev1_gap_bucket_plus,91-180,11912,0.08161363158022279,0.23561213781364046,0.4119492924448649,0.0734553391537945
F33_floor_interactions_huber_010,recent_holdout,prev1_gap_bucket_plus,missing_or_negative,536,0.7522483087713637,2.4682459580608733,7.821281246187834,0.8451492537313433
F33_floor_interactions_huber_010,recent_holdout,prev2_gap_bucket_plus,1-30,103247,0.05436613557992632,0.16388921185564784,0.27652440023577896,0.028959679215860994
F33_floor_interactions_huber_010,recent_holdout,prev2_gap_bucket_plus,181-365,13179,0.08226439944281057,0.24317784554096727,0.41856569915182507,0.08103801502390166
F33_floor_interactions_huber_010,recent_holdout,prev2_gap_bucket_plus,31-90,58745,0.0604617993207256,0.18224200778485594,0.3075591117196205,0.03945867733424121
F33_floor_interactions_huber_010,recent_holdout,prev2_gap_bucket_plus,366-730,5741,0.09837502419458882,0.2929020689789527,0.5189406229961587,0.12541369099460026
F33_floor_interactions_huber_010,recent_holdout,prev2_gap_bucket_plus,731+,5009,0.1470777964593215,0.433922407081725,0.7517227374114517,0.26392493511678977
F33_floor_interactions_huber_010,recent_holdout,prev2_gap_bucket_plus,91-180,22430,0.07132027858277568,0.20512707817657824,0.36066916315397335,0.05367810967454302
F33_floor_interactions_huber_010,recent_holdout,prev2_gap_bucket_plus,missing_or_negative,1117,0.44527712318409063,0.9285764722047835,6.6972535190653195,0.5478961504028648
F33_floor_interactions_huber_010,recent_holdout,wide_prev_jump_20_group,0,191409,0.05917854550813514,0.17459136455375102,0.3369316233301032,0.03617384762471984
F33_floor_interactions_huber_010,recent_holdout,wide_prev_jump_20_group,1,18059,0.1284897943397201,0.311814043217321,0.5113270060973786,0.18328811119109586
F33_floor_interactions_huber_010,recent_holdout,exact_prev_jump_20_group,0,191594,0.05947357506237059,0.17600670077490327,0.33786230583726895,0.036984456715763545
F33_floor_interactions_huber_010,recent_holdout,exact_prev_jump_20_group,1,17874,0.1260447170553772,0.3076547858523306,0.5228076192156601,0.17612174107642387
F33_floor_interactions_huber_010,recent_holdout,exact_wide_gap_10_group,0,204544,0.06386796685747477,0.19304731448655574,0.35463999186330963,0.04597054912390488
F33_floor_interactions_huber_010,recent_holdout,exact_wide_gap_10_group,1,4924,0.11858123481972419,0.3315394995642728,0.5785672656806056,0.16876523151909018
F33_floor_interactions_huber_010,recent_holdout,region_prior_missing_group,0,209468,0.06515412097861079,0.19818251508850668,0.36392381964063997,0.04885710466515172
F33_floor_interactions_huber_010,recent_holdout,wide_region_outlier_20_group,0,70290,0.06266264743541794,0.17713728681859917,0.3615256371584263,0.03708920187793427
F33_floor_interactions_huber_010,recent_holdout,wide_region_outlier_20_group,1,139178,0.0664124065938016,0.2078276590411965,0.3648411127864138,0.05480032763798876
F34_floor_full_huber_010,valid,exact_prev1_missing_group,0,382467,0.06057201409190011,0.184835790956554,0.31966203192408194,0.04096824039721074
F34_floor_full_huber_010,valid,exact_prev1_missing_group,1,1965,0.48341340852427594,0.9377592007317438,3.032366766719095,0.5928753180661578
F34_floor_full_huber_010,valid,wide_prev1_present_exact_missing_group,0,383760,0.06259445194292645,0.18859382676031597,0.3439671235311971,0.043441213258286426
F34_floor_full_huber_010,valid,wide_prev1_present_exact_missing_group,1,672,0.14204908306476316,0.39591069714125376,0.599663455128525,0.2425595238095238
F34_floor_full_huber_010,valid,exact_prev1_gap_bucket_plus,1-30,250361,0.05320902538772778,0.15808806650580925,0.2614617252520972,0.025287484871845057
F34_floor_full_huber_010,valid,exact_prev1_gap_bucket_plus,181-365,14625,0.08703461242797939,0.2598332906050961,0.4325781147742676,0.09627350427350427
F34_floor_full_huber_010,valid,exact_prev1_gap_bucket_plus,31-90,76044,0.06175380700006919,0.18280520963364824,0.3055785012547192,0.039095786649834305
F34_floor_full_huber_010,valid,exact_prev1_gap_bucket_plus,366-730,6661,0.11567333899403222,0.356033492358306,0.5767050186140424,0.18690887254166041
F34_floor_full_huber_010,valid,exact_prev1_gap_bucket_plus,731+,7988,0.14474805190714576,0.39824286309539564,0.650380180911322,0.2622684026039059
F34_floor_full_huber_010,valid,exact_prev1_gap_bucket_plus,91-180,26788,0.07278245679572432,0.21417385839465983,0.365428469974433,0.06036284903688219
F34_floor_full_huber_010,valid,exact_prev1_gap_bucket_plus,missing_or_negative,1965,0.48341340852427594,0.9377592007317438,3.032366766719095,0.5928753180661578
F34_floor_full_huber_010,valid,prev1_gap_bucket_plus,1-30,258458,0.05382242113932132,0.1600451725029185,0.26518607487828244,0.026364051412608624
F34_floor_full_huber_010,valid,prev1_gap_bucket_plus,181-365,13142,0.08936426623901379,0.2662946969501446,0.4483287148833621,0.1028001826206057
F34_floor_full_huber_010,valid,prev1_gap_bucket_plus,31-90,74756,0.06251854151749545,0.1863164278453695,0.3117052982562354,0.04117395259243405
F34_floor_full_huber_010,valid,prev1_gap_bucket_plus,366-730,5694,0.12156915178211201,0.37173195935852693,0.577690211203688,0.20337197049525815
F34_floor_full_huber_010,valid,prev1_gap_bucket_plus,731+,5847,0.16313522873954242,0.4289906065426901,0.6779636975357803,0.3155464340687532
F34_floor_full_huber_010,valid,prev1_gap_bucket_plus,91-180,25242,0.0735793703112715,0.2176372857139155,0.3714189358075242,0.06283178828935901
F34_floor_full_huber_010,valid,prev1_gap_bucket_plus,missing_or_negative,1293,0.6608278143315403,1.4268957426469486,3.3998848068886263,0.7749419953596288
F34_floor_full_huber_010,valid,prev2_gap_bucket_plus,1-30,170682,0.05187433121490786,0.1540621708633212,0.2546089223483652,0.023335794049753344
F34_floor_full_huber_010,valid,prev2_gap_bucket_plus,181-365,26798,0.07345650627024083,0.22176910167099556,0.3733291089150338,0.06410926188521532
F34_floor_full_huber_010,valid,prev2_gap_bucket_plus,31-90,113092,0.05691798924829562,0.16895919122344932,0.2780561879116165,0.030983623952180527
F34_floor_full_huber_010,valid,prev2_gap_bucket_plus,366-730,11654,0.09630254391819837,0.29268421853278215,0.5083271693884345,0.12562210399862708
F34_floor_full_huber_010,valid,prev2_gap_bucket_plus,731+,13013,0.12963518425949846,0.3720253803458377,0.59762225709329,0.2187043725505264
F34_floor_full_huber_010,valid,prev2_gap_bucket_plus,91-180,46543,0.06479790887577083,0.18979566770303216,0.3235265874740585,0.043572610274369934
F34_floor_full_huber_010,valid,prev2_gap_bucket_plus,missing_or_negative,2650,0.38946829944126765,0.8891037665529248,2.767381925514385,0.4871698113207547
F34_floor_full_huber_010,valid,wide_prev_jump_20_group,0,352933,0.05790154884228538,0.17044829452991503,0.32068375313263975,0.034170791623339275
F34_floor_full_huber_010,valid,wide_prev_jump_20_group,1,31499,0.11687153636250867,0.29448314322772223,0.47102301500770366,0.15156036699577766
F34_floor_full_huber_010,valid,exact_prev_jump_20_group,0,352916,0.05814066486953568,0.17163814158045154,0.3224682751523768,0.03477031361570459
F34_floor_full_huber_010,valid,exact_prev_jump_20_group,1,31516,0.11416210744827718,0.28935682122106143,0.4705019103618829,0.1447836019799467
F34_floor_full_huber_010,valid,exact_wide_gap_10_group,0,375845,0.06161875431427891,0.18486937931761357,0.337596687381301,0.0413681171759635
F34_floor_full_huber_010,valid,exact_wide_gap_10_group,1,8587,0.11151777642795013,0.30624433785966604,0.5051875070910408,0.14976126703155934
F34_floor_full_huber_010,valid,region_prior_missing_group,0,384432,0.06273334129686647,0.18913352362575503,0.3449075103855746,0.043789278728097555
F34_floor_full_huber_010,valid,wide_region_outlier_20_group,0,142995,0.06083659149453429,0.17119470011544094,0.3504854584508247,0.03449071645861743
F34_floor_full_huber_010,valid,wide_region_outlier_20_group,1,241437,0.0638567222947437,0.19864377155832982,0.34315498956674306,0.04929650384986559
F34_floor_full_huber_010,test,exact_prev1_missing_group,0,440056,0.05962356062606282,0.1844355460780792,0.32101957109522933,0.040837984256549165
F34_floor_full_huber_010,test,exact_prev1_missing_group,1,1952,0.5296106209430187,0.9120595446027651,2.6081723577623963,0.6526639344262295
F34_floor_full_huber_010,test,wide_prev1_present_exact_missing_group,0,441315,0.061539491950183774,0.1880462635493691,0.34368296606116194,0.04314152022931466
F34_floor_full_huber_010,test,wide_prev1_present_exact_missing_group,1,693,0.1633544544705805,0.45498639869597407,0.7698399647402122,0.2972582972582973
F34_floor_full_huber_010,test,exact_prev1_gap_bucket_plus,1-30,297688,0.052558144966197644,0.15924378776058756,0.2664465685392207,0.02659495848001935
F34_floor_full_huber_010,test,exact_prev1_gap_bucket_plus,181-365,16289,0.08581735010631865,0.25258713547938383,0.42699577974949987,0.09362146233654614
F34_floor_full_huber_010,test,exact_prev1_gap_bucket_plus,31-90,82193,0.06210668448040662,0.18784986402657206,0.3141734179191164,0.04188921197668901
F34_floor_full_huber_010,test,exact_prev1_gap_bucket_plus,366-730,7345,0.1103082179717373,0.32785055739999347,0.5594616600548556,0.1635125936010892
F34_floor_full_huber_010,test,exact_prev1_gap_bucket_plus,731+,7168,0.15776594059409438,0.4480393884425249,0.7769269556118713,0.28822544642857145
F34_floor_full_huber_010,test,exact_prev1_gap_bucket_plus,91-180,29373,0.0731312048345244,0.21623190592181435,0.36986970882216563,0.06192762060395601
F34_floor_full_huber_010,test,exact_prev1_gap_bucket_plus,missing_or_negative,1952,0.5296106209430187,0.9120595446027651,2.6081723577623963,0.6526639344262295
F34_floor_full_huber_010,test,prev1_gap_bucket_plus,1-30,307053,0.05318986468404882,0.16123785453650727,0.27002002961334126,0.027679260583677735
F34_floor_full_huber_010,test,prev1_gap_bucket_plus,181-365,14560,0.08827228662161414,0.2636983713309578,0.4337930484690037,0.10041208791208792
F34_floor_full_huber_010,test,prev1_gap_bucket_plus,31-90,80451,0.06293100462385291,0.19096021137415412,0.3215010698617642,0.044001939068501326
F34_floor_full_huber_010,test,prev1_gap_bucket_plus,366-730,6115,0.11598867403333911,0.3433854435301649,0.5738020900603015,0.17955846279640228
F34_floor_full_huber_010,test,prev1_gap_bucket_plus,731+,5072,0.18350121909174996,0.4865629334406265,0.8508367384317408,0.3570583596214511
F34_floor_full_huber_010,test,prev1_gap_bucket_plus,91-180,27498,0.07384926321288988,0.21929588571082853,0.37347777977568153,0.06425921885228017
F34_floor_full_huber_010,test,prev1_gap_bucket_plus,missing_or_negative,1259,0.731211513211009,1.2385533300929095,3.514086685590598,0.8482922954725973
F34_floor_full_huber_010,test,prev2_gap_bucket_plus,1-30,210613,0.05103001474837866,0.15420741102434232,0.26069134943696864,0.024514156296145062
F34_floor_full_huber_010,test,prev2_gap_bucket_plus,181-365,29619,0.07423582530365229,0.22241507399353086,0.38557029827018324,0.06539721124953578
F34_floor_full_huber_010,test,prev2_gap_bucket_plus,31-90,123464,0.05749384342667622,0.17388762076107447,0.28916333686550094,0.033847923281280376
F34_floor_full_huber_010,test,prev2_gap_bucket_plus,366-730,12953,0.09229305553466721,0.27591232408019484,0.480774854382146,0.1126379989191693
F34_floor_full_huber_010,test,prev2_gap_bucket_plus,731+,10986,0.14186556791589658,0.4043900432291442,0.7216384717221154,0.2451301656653923
F34_floor_full_huber_010,test,prev2_gap_bucket_plus,91-180,51663,0.06492396372005974,0.19548522335345683,0.320335115073176,0.04666782803940925
F34_floor_full_huber_010,test,prev2_gap_bucket_plus,missing_or_negative,2710,0.41274406682993914,0.8514336301429116,2.1142636375723316,0.5177121771217712
F34_floor_full_huber_010,test,wide_prev_jump_20_group,0,407525,0.05645322353319093,0.1672160487796943,0.3189036255949897,0.0327832648303785
F34_floor_full_huber_010,test,wide_prev_jump_20_group,1,34483,0.12369589671953836,0.30516469653872497,0.48883543505430743,0.17066380535336254
F34_floor_full_huber_010,test,exact_prev_jump_20_group,0,407642,0.05667211129895871,0.16834822961034632,0.32100196411749105,0.03338959184774876
F34_floor_full_huber_010,test,exact_prev_jump_20_group,1,34366,0.12132842730644643,0.29974024218773987,0.48563413601871025,0.16394110458010824
F34_floor_full_huber_010,test,exact_wide_gap_10_group,0,432309,0.0605285466598367,0.18424785197686108,0.3383687653711942,0.04108403942550352
F34_floor_full_huber_010,test,exact_wide_gap_10_group,1,9699,0.11387463129973469,0.3144762801259979,0.5329609383141239,0.15300546448087432
F34_floor_full_huber_010,test,region_prior_missing_group,0,442008,0.061699122022550436,0.18869834494174254,0.34650162172420856,0.04353993592876147
F34_floor_full_huber_010,test,wide_region_outlier_20_group,0,156288,0.05895106305359265,0.1664049345027946,0.3465136849164559,0.03212018837018837
F34_floor_full_huber_010,test,wide_region_outlier_20_group,1,285720,0.06320230219943854,0.1996684606006265,0.34648796138945587,0.0497865042699146
F34_floor_full_huber_010,recent_holdout,exact_prev1_missing_group,0,208585,0.0630543994812331,0.19345455339935247,0.34006027427553076,0.04606755039911786
F34_floor_full_huber_010,recent_holdout,exact_prev1_missing_group,1,883,0.525824266335272,1.1253561272768666,6.793784877635479,0.6432616081540203
F34_floor_full_huber_010,recent_holdout,wide_prev1_present_exact_missing_group,0,209121,0.06482000087418742,0.19668190115301398,0.3612884908616469,0.04812046614161179
F34_floor_full_huber_010,recent_holdout,wide_prev1_present_exact_missing_group,1,347,0.17660328575245585,0.4916853661072073,0.8019983481708349,0.3285302593659942
F34_floor_full_huber_010,recent_holdout,exact_prev1_gap_bucket_plus,1-30,144144,0.055836054859813924,0.16831479797090804,0.2850088365845944,0.03151015651015651
F34_floor_full_huber_010,recent_holdout,exact_prev1_gap_bucket_plus,181-365,7137,0.0935446898869202,0.2783773007113183,0.47426291293984785,0.11097099621689786
F34_floor_full_huber_010,recent_holdout,exact_prev1_gap_bucket_plus,31-90,37968,0.06553315757840825,0.19376933811313832,0.3278312131899328,0.04619679730299199
F34_floor_full_huber_010,recent_holdout,exact_prev1_gap_bucket_plus,366-730,3303,0.11597739094727755,0.3570698550127705,0.6497168865343188,0.17378141083863155
F34_floor_full_huber_010,recent_holdout,exact_prev1_gap_bucket_plus,731+,3281,0.16689909895865224,0.4887942224084836,0.8037917533142998,0.3185004571776897
F34_floor_full_huber_010,recent_holdout,exact_prev1_gap_bucket_plus,91-180,12752,0.0797764256146361,0.22836256828373402,0.3890745827074834,0.07073400250941028
F34_floor_full_huber_010,recent_holdout,exact_prev1_gap_bucket_plus,missing_or_negative,883,0.525824266335272,1.1253561272768666,6.793784877635479,0.6432616081540203
F34_floor_full_huber_010,recent_holdout,prev1_gap_bucket_plus,1-30,148451,0.05644905088836883,0.17039109994589025,0.2885406547743634,0.032603350600534854
F34_floor_full_huber_010,recent_holdout,prev1_gap_bucket_plus,181-365,6418,0.09623972156660715,0.28297261837501425,0.5008403379695953,0.12122156435026488
F34_floor_full_huber_010,recent_holdout,prev1_gap_bucket_plus,31-90,37152,0.06658524391236284,0.19829516021736684,0.3384046400174205,0.048853359173126616
F34_floor_full_huber_010,recent_holdout,prev1_gap_bucket_plus,366-730,2677,0.12023430121492515,0.372788087528489,0.6641509160701291,0.1867762420620097
F34_floor_full_huber_010,recent_holdout,prev1_gap_bucket_plus,731+,2322,0.19412137062877968,0.5409711534635043,0.8427341831342867,0.39405684754521964
F34_floor_full_huber_010,recent_holdout,prev1_gap_bucket_plus,91-180,11912,0.08138907326401104,0.23552802183116608,0.4110309909768149,0.0734553391537945
F34_floor_full_huber_010,recent_holdout,prev1_gap_bucket_plus,missing_or_negative,536,0.751905759361834,2.450193524269322,7.733787309975513,0.8470149253731343
F34_floor_full_huber_010,recent_holdout,prev2_gap_bucket_plus,1-30,103247,0.05423398685885844,0.16340973931887087,0.2752243461252751,0.028785340009879222
F34_floor_full_huber_010,recent_holdout,prev2_gap_bucket_plus,181-365,13179,0.08209069052844487,0.24274254702565382,0.41943647444685067,0.08035511040291372
F34_floor_full_huber_010,recent_holdout,prev2_gap_bucket_plus,31-90,58745,0.06035691195955735,0.1819279346126005,0.3069021768168046,0.0390671546514597
F34_floor_full_huber_010,recent_holdout,prev2_gap_bucket_plus,366-730,5741,0.09820145738281694,0.2926012776631768,0.5212625399341277,0.1259362480404111
F34_floor_full_huber_010,recent_holdout,prev2_gap_bucket_plus,731+,5009,0.14628844800571975,0.43581452282969874,0.7570480777089061,0.2633260131762827
F34_floor_full_huber_010,recent_holdout,prev2_gap_bucket_plus,91-180,22430,0.0711667866750822,0.2046888634675219,0.3595198860566269,0.05323227819884084
F34_floor_full_huber_010,recent_holdout,prev2_gap_bucket_plus,missing_or_negative,1117,0.4446408864766596,0.9283719932435176,6.6289476315600435,0.5505819158460161
F34_floor_full_huber_010,recent_holdout,wide_prev_jump_20_group,0,191409,0.059047301365332705,0.17397756093697572,0.33641781712811125,0.035985768694262024
F34_floor_full_huber_010,recent_holdout,wide_prev_jump_20_group,1,18059,0.12815326628994328,0.30993175183000554,0.5103616134002208,0.1821252561049892
F34_floor_full_huber_010,recent_holdout,exact_prev_jump_20_group,0,191594,0.05934143785288331,0.1754679349669645,0.33676029303234783,0.03678612065095984
F34_floor_full_huber_010,recent_holdout,exact_prev_jump_20_group,1,17874,0.1257156371814773,0.3066077696259526,0.5250018970527854,0.1750587445451494
F34_floor_full_huber_010,recent_holdout,exact_wide_gap_10_group,0,204544,0.06373054282321174,0.19273679945579064,0.354702854277033,0.04570165832290363
F34_floor_full_huber_010,recent_holdout,exact_wide_gap_10_group,1,4924,0.11795381635581434,0.33216005186963055,0.5752511980378595,0.16835905767668563
F34_floor_full_huber_010,recent_holdout,region_prior_missing_group,0,209468,0.06500517856172328,0.19755382826892312,0.3639772457739583,0.048584986728283076
F34_floor_full_huber_010,recent_holdout,wide_region_outlier_20_group,0,70290,0.0625017735010764,0.17657481934550873,0.3607326737878432,0.0367619860577607
F34_floor_full_huber_010,recent_holdout,wide_region_outlier_20_group,1,139178,0.06626949003130087,0.2073831020942336,0.365016634980619,0.05455603615513946
